id,title,content,excerpt,category,tags,featured_image_url,author,status,published_at,line_published,x_published,created_at,updated_at,deleted_at
ee19ee9f-e7d0-4c36-b517-fc6c265877de,ああああ,"記事のタイトル
                                ここに記事の本文を入力してください。
                                リッチテキストエディタを使用して、太字、斜体、下線などの装飾を追加できます。
                                
                                    箇条書きアイテム1
                                    箇条書きアイテム2
                                    箇条書きアイテム3","テスト記事
テスト記事
テスト記事
テスト記事
テスト記事",notice,null,null,80de223e-c4cd-4fb5-aecc-a1ad8ebf9fab,published,2025-11-13 14:08:54.553+00,false,false,2025-11-13 14:08:54.416724+00,2025-11-13 14:08:54.882944+00,null
e14982c8-61bf-4dbd-959d-af1ab6f12680,デバッグテスト記事 2025-11-13T14:01:21.765Z,これはデバッグテスト用の記事です。,テスト,notice,null,null,80de223e-c4cd-4fb5-aecc-a1ad8ebf9fab,draft,null,false,false,2025-11-13 14:01:21.957486+00,2025-11-13 14:19:21.328142+00,null